firstName,lastName,birthDate
csvGugu2,csvMugu,1964-10-19 14:11:03
csvGugu2,csvMugu,1964-10-19 14:11:03
csvGugu2,csvMugu,1964-10-19 14:11:03
csvGugu2,csvMugu,1964-10-19 14:11:03
csvGugu2,csvMugu,1964-10-19 14:11:03
csvGugu2,csvMugu,1964-10-19 14:11:03
csvGugu2,csvMugu,1964-10-19 14:11:03
csvGugu2,csvMugu,1964-10-19 14:11:03
csvGugu2,csvMugu,1964-10-19 14:11:03
csvGugu2,csvMugu,1964-10-19 14:11:03
csvGugu2,csvMugu,1964-10-19 14:11:03
csvGugu2,csvMugu,1964-10-19 14:11:03
csvGugu2,csvMugu,1964-10-19 14:11:03
csvGugu2,csvMugu,1964-10-19 14:11:03
csvGugu2,csvMugu,1964-10-19 14:11:03
csvGugu2,csvMugu,1964-10-19 14:11:03
csvGugu2,csvMugu,1964-10-19 14:11:03
csvGugu2,csvMugu,1964-10-19 14:11:03
csvGugu2,csvMugu,1964-10-19 14:11:03
csvGugu2,csvMugu,1964-10-19 14:11:03
csvGugu2,csvMugu,1964-10-19 14:11:03
